Metric,Champion (momentum),Challenger (multi-sleeve),SPY buy & hold
CAGR,0.163279,0.111622,0.082764
Annual return,0.164178,0.112165,0.098178
Sharpe,1.023507,0.998273,0.508414
Sortino,1.197767,1.164594,0.646532
Volatility,0.160407,0.112359,0.193106
Max drawdown,-0.280500,-0.190558,-0.551894
Win rate (monthly),0.567823,0.555205,0.634069
Annual turnover,5.218947,6.258117,nan
