Metric,Champion (momentum),Challenger (multi-sleeve),SPY buy & hold
CAGR,0.162862,0.111330,0.082166
Annual return,0.163845,0.111911,0.097621
Sharpe,1.020430,0.995279,0.505588
Sortino,1.194507,1.161076,0.642963
Volatility,0.160565,0.112442,0.193084
Max drawdown,-0.280500,-0.190557,-0.551895
Win rate (monthly),0.567823,0.555205,0.634069
Annual turnover,5.220825,6.258396,nan
