Metric,Champion (momentum),Challenger (multi-sleeve),SPY buy & hold
CAGR,0.162429,0.112763,0.081856
Annual return,0.163485,0.113237,0.097333
Sharpe,1.017696,1.004038,0.504118
Sortino,1.191259,1.174982,0.641169
Volatility,0.160642,0.112782,0.193075
Max drawdown,-0.282545,-0.190558,-0.551894
Win rate (monthly),0.570978,0.555205,0.634069
Annual turnover,5.216552,6.271241,nan
