Metric,Champion (momentum),Challenger (multi-sleeve),SPY buy & hold
CAGR,0.162003,0.110770,0.082151
Annual return,0.163094,0.111405,0.097613
Sharpe,1.016201,0.990928,0.505472
Sortino,1.188765,1.155544,0.642879
Volatility,0.160494,0.112425,0.193113
Max drawdown,-0.280500,-0.190558,-0.551894
Win rate (monthly),0.567823,0.555205,0.634069
Annual turnover,5.219315,6.259670,nan
