Metric,Champion (momentum),Challenger (multi-sleeve),SPY buy & hold
CAGR,0.161661,0.110674,0.082119
Annual return,0.162799,0.111317,0.097581
Sharpe,1.014400,0.990250,0.505343
Sortino,1.186885,1.154945,0.642699
Volatility,0.160488,0.112413,0.193098
Max drawdown,-0.280500,-0.190558,-0.551894
Win rate (monthly),0.567823,0.552050,0.634069
Annual turnover,5.219107,6.257560,nan
