Metric,Champion (momentum),Challenger (multi-sleeve),SPY buy & hold
CAGR,0.162410,0.111186,0.082906
Annual return,0.163425,0.111771,0.098312
Sharpe,1.019029,0.994860,0.509073
Sortino,1.192270,1.160510,0.647340
Volatility,0.160373,0.112349,0.193119
Max drawdown,-0.280500,-0.190557,-0.551895
Win rate (monthly),0.567823,0.555205,0.634069
Annual turnover,5.222200,6.260163,nan
