Metric,Champion (momentum),Challenger (multi-sleeve),SPY buy & hold
CAGR,0.161803,0.103448,0.082495
Annual return,0.162901,0.104757,0.097933
Sharpe,1.015825,0.934235,0.507098
Sortino,1.188452,1.080846,0.644845
Volatility,0.160363,0.112131,0.193124
Max drawdown,-0.280501,-0.181537,-0.551894
Win rate (monthly),0.567823,0.567823,0.634069
Annual turnover,5.221785,5.699212,nan
