Metric,Champion (momentum),Challenger (multi-sleeve),SPY buy & hold
CAGR,0.162488,0.111210,0.082906
Annual return,0.163493,0.111793,0.098312
Sharpe,1.019417,0.995032,0.509073
Sortino,1.192772,1.160764,0.647340
Volatility,0.160379,0.112351,0.193119
Max drawdown,-0.280500,-0.190559,-0.551894
Win rate (monthly),0.567823,0.555205,0.634069
Annual turnover,5.222123,6.260261,nan
