Metric,Champion (momentum),Challenger (multi-sleeve),SPY buy & hold
CAGR,0.162528,0.111011,0.082817
Annual return,0.163562,0.111624,0.098221
Sharpe,1.018497,0.992669,0.508715
Sortino,1.192376,1.158071,0.647022
Volatility,0.160591,0.112449,0.193077
Max drawdown,-0.280497,-0.190557,-0.551895
Win rate (monthly),0.567823,0.555205,0.634069
Annual turnover,5.218691,6.255967,nan
