Metric,Champion (momentum),Challenger (multi-sleeve),SPY buy & hold
CAGR,0.162194,0.110918,0.082512
Annual return,0.163275,0.111542,0.097941
Sharpe,1.016676,0.991872,0.507242
Sortino,1.190281,1.157215,0.645179
Volatility,0.160596,0.112456,0.193086
Max drawdown,-0.280497,-0.190558,-0.551894
Win rate (monthly),0.567823,0.555205,0.634069
Annual turnover,5.219043,6.256480,nan
